route,cost
"['Warehouse', 'New World Papatoetoe', ""Pak 'n Save Manukau"", 'Four Square Everglade', 'Warehouse']",175.025
"['Warehouse', 'New World Southmall', 'Four Square Everglade', ""Pak 'n Save Manukau"", 'Warehouse']",189.455
"['Warehouse', ""Pak 'n Save Manukau"", 'New World Papatoetoe', 'Warehouse']",146.88541666666669
"['Warehouse', 'New World Papatoetoe', 'Four Square Everglade', 'Warehouse']",162.80875
"['Warehouse', 'New World Papatoetoe', 'Four Square Everglade', 'New World Southmall', 'Warehouse']",196.32625000000002
"['Warehouse', 'New World Papatoetoe', 'Four Square Botany Junction', 'Four Square Everglade', 'New World Southmall', 'Warehouse']",223.89916666666667
"['Warehouse', 'Four Square Botany Junction', ""Pak 'n Save Mangere"", 'New World Mt Roskill', 'Warehouse']",213.9620833333335
"['Warehouse', ""Pak 'n Save Manukau"", 'Four Square Everglade', 'Warehouse']",156.13625000000002
"['Warehouse', ""Pak 'n Save Clendon"", 'Four Square Everglade', 'Warehouse']",180.95916666666673
"['Warehouse', ""Pak 'n Save Clendon"", 'New World Southmall', 'Four Square Everglade', 'Warehouse']",197.11791666666673
"['Warehouse', 'Four Square Everglade', 'Warehouse']",137.37874999999997
"['Warehouse', 'New World Mt Roskill', ""Pak 'n Save Mangere"", 'Warehouse']",109.76166666666681
"['Warehouse', 'New World Mt Roskill', ""Pak 'n Save Mangere"", 'Four Square Everglade', 'Warehouse']",189.05250000000007
"['Warehouse', 'New World Papatoetoe', 'Warehouse']",114.54125
"['Warehouse', 'New World Papatoetoe', 'Four Square Botany Junction', ""Pak 'n Save Manukau"", 'Warehouse']",188.89833333333334
"['Warehouse', 'New World Southmall', 'Warehouse']",146.45749999999998
"['Warehouse', 'New World Southmall', 'Four Square Everglade', 'Warehouse']",167.66458333333333
"['Warehouse', 'New World Southmall', 'Four Square Everglade', 'Four Square Botany Junction', 'Warehouse']",206.42874999999992
"['Warehouse', 'New World Southmall', 'Four Square Everglade', 'Four Square Botany Junction', 'New World Ormiston', 'Warehouse']",231.9125
"['Warehouse', 'New World Papakura', 'Warehouse']",189.43166666666679
"['Warehouse', 'New World Papakura', ""Pak 'n Save Manukau"", 'Warehouse']",218.40041666666676
"['Warehouse', 'Four Square Everglade', 'Four Square Botany Junction', 'New World Ormiston', 'Warehouse']",201.62666666666667
"['Warehouse', 'Four Square Everglade', 'Four Square Botany Junction', 'New World Ormiston', 'New World Papatoetoe', 'Warehouse']",221.6695833333334
"['Warehouse', ""Pak 'n Save Mangere"", 'Warehouse']",89.92541666666675
"['Warehouse', ""Pak 'n Save Mangere"", ""Pak 'n Save Clendon"", 'Warehouse']",175.48874999999998
"['Warehouse', ""Pak 'n Save Manukau"", 'Warehouse']",128.03125000000003
"['Warehouse', 'Four Square Botany Junction', ""Pak 'n Save Manukau"", 'Warehouse']",173.83166666666682
"['Warehouse', 'Four Square Botany Junction', 'Four Square Everglade', ""Pak 'n Save Manukau"", 'Warehouse']",197.10541666666686
"['Warehouse', ""Pak 'n Save Clendon"", 'Warehouse']",143.65124999999998
"['Warehouse', ""Pak 'n Save Clendon"", 'New World Southmall', 'Warehouse']",175.91083333333341
"['Warehouse', ""Pak 'n Save Papakura"", 'Warehouse']",172.04291666666674
"['Warehouse', ""Pak 'n Save Papakura"", 'New World Papakura', 'Warehouse']",202.59875000000002
"['Warehouse', 'Four Square Everglade', ""Pak 'n Save Ormiston"", 'Four Square Botany Junction', 'Warehouse']",202.75916666666652
"['Warehouse', 'New World New Lynn', 'New World Green Bay', 'Four Square Glen Eden', 'Four Square Hobsonville', 'Warehouse']",247.23416666666674
"['Warehouse', ""Pak 'n Save Henderson"", 'Four Square Fair Price Henderson', 'Warehouse']",145.61833333333348
"['Warehouse', ""Pak 'n Save Lincoln Road"", 'Four Square Hobsonville', 'Warehouse']",164.46791666666678
"['Warehouse', ""Pak 'n Save Westgate"", 'Four Square Hobsonville', 'Warehouse']",158.38166666666677
"['Warehouse', ""Pak 'n Save Westgate"", 'Four Square Hobsonville', 'Four Square Fair Price Henderson', 'Warehouse']",203.89125
"['Warehouse', ""Pak 'n Save Westgate"", 'Four Square Hobsonville', 'Four Square Fair Price Henderson', 'Four Square Glen Eden', 'Warehouse']",248.2058333333333
"['Warehouse', 'New World New Lynn', 'Warehouse']",73.5945833333335
"['Warehouse', 'New World Green Bay', 'Warehouse']",78.90875
"['Warehouse', 'New World New Lynn', 'New World Green Bay', 'Warehouse']",106.05125
"['Warehouse', 'New World New Lynn', 'New World Green Bay', 'Four Square Glen Eden', 'Warehouse']",153.8625
"['Warehouse', 'Four Square Glen Eden', 'Warehouse']",108.83708333333324
"['Warehouse', 'New World New Lynn', 'Four Square Glen Eden', 'Warehouse']",125.29041666666669
"['Warehouse', ""Pak 'n Save Henderson"", 'Warehouse']",120.41624999999999
"['Warehouse', ""Pak 'n Save Henderson"", 'Four Square Glen Eden', 'Warehouse']",153.43083333333325
"['Warehouse', ""Pak 'n Save Henderson"", 'Four Square Fair Price Henderson', 'Four Square Glen Eden', 'Warehouse']",189.93291666666676
"['Warehouse', 'Four Square Hobsonville', ""Pak 'n Save Henderson"", 'Four Square Fair Price Henderson', 'Four Square Glen Eden', 'Warehouse']",265.3975
"['Warehouse', 'New World New Lynn', ""Pak 'n Save Mt Albert"", 'Warehouse']",90.28583333333341
"['Warehouse', 'Four Square Glen Eden', 'New World New Lynn', ""Pak 'n Save Mt Albert"", 'Warehouse']",142.14458333333334
"['Warehouse', 'Four Square Fair Price Henderson', 'Warehouse']",119.63625
"['Warehouse', 'Four Square Fair Price Henderson', ""Pak 'n Save Lincoln Road"", 'Warehouse']",131.08666666666656
"['Warehouse', 'Four Square Fair Price Henderson', ""Pak 'n Save Lincoln Road"", 'Four Square Hobsonville', 'Warehouse']",191.36208333333332
"['Warehouse', 'Four Square Glen Eden', 'Four Square Fair Price Henderson', ""Pak 'n Save Lincoln Road"", 'Four Square Hobsonville', 'Warehouse']",236.49500000000006
"['Warehouse', ""Pak 'n Save Lincoln Road"", 'Warehouse']",104.19250000000001
"['Warehouse', ""Pak 'n Save Lincoln Road"", 'Four Square Glen Eden', 'Warehouse']",160.04625
"['Warehouse', ""Pak 'n Save Lincoln Road"", 'Four Square Fair Price Henderson', 'Four Square Glen Eden', 'Warehouse']",175.40125
"['Warehouse', ""Pak 'n Save Westgate"", 'Warehouse']",118.68541666666675
"['Warehouse', 'New World New Lynn', ""Pak 'n Save Westgate"", 'Warehouse']",165.8933333333335
"['Warehouse', 'New World New Lynn', 'Four Square Glen Eden', ""Pak 'n Save Westgate"", 'Warehouse']",199.39375000000018
"['Warehouse', 'Four Square Hobsonville', 'Warehouse']",137.95375
"['Warehouse', 'Four Square Pakuranga Heights', 'New World Botany', 'Four Square Botany Junction', 'Warehouse']",215.84083333333345
"['Warehouse', 'Four Square Pakuranga Heights', 'Four Square Cockle Bay', 'New World Botany', 'Four Square Botany Junction', 'Warehouse']",264.24625
"['Warehouse', 'Four Square Pakuranga Heights', 'Four Square Cockle Bay', 'New World Botany', 'Four Square Botany Junction', 'Four Square Ellerslie', 'Warehouse']",303.77541666666673
"['Warehouse', 'Four Square Cockle Bay', 'New World Howick', 'Warehouse']",232.82416666666649
"['Warehouse', 'Four Square Cockle Bay', 'New World Howick', 'Four Square Pakuranga Heights', 'Warehouse']",241.88958333333323
"['Warehouse', 'Four Square Cockle Bay', 'New World Howick', 'Four Square Pakuranga Heights', 'Four Square Ellerslie', 'Warehouse']",267.78499999999974
"['Warehouse', 'Four Square Cockle Bay', 'New World Howick', 'Four Square Pakuranga Heights', 'Four Square Ellerslie', 'Four Square Alberton', 'Warehouse']",319.21833333333296
"['Warehouse', 'New World Stonefields', 'Four Square Ellerslie', 'Warehouse']",142.76041666666677
"['Warehouse', 'New World Howick', 'Four Square Cockle Bay', ""Pak 'n Save Botany"", 'Warehouse']",254.17750000000012
"['Warehouse', 'New World Ormiston', ""Pak 'n Save Ormiston"", 'Warehouse']",185.98583333333343
"['Warehouse', 'New World Ormiston', ""Pak 'n Save Ormiston"", 'Four Square Botany Junction', 'Warehouse']",197.37833333333342
"['Warehouse', 'Four Square St Heliers', ""Pak 'n Save Glen Innes"", 'Warehouse']",198.1749999999999
"['Warehouse', 'Four Square St Heliers', ""Pak 'n Save Glen Innes"", 'Four Square Ellerslie', 'Warehouse']",208.22041666666667
"['Warehouse', 'Four Square St Heliers', ""Pak 'n Save Glen Innes"", 'Four Square Pakuranga Heights', 'Four Square Ellerslie', 'Warehouse']",260.59041666666667
"['Warehouse', 'Four Square Pakuranga Heights', ""Pak 'n Save Botany"", 'Warehouse']",207.11250000000007
"['Warehouse', 'Four Square Pakuranga Heights', ""Pak 'n Save Botany"", 'Four Square Botany Junction', 'Warehouse']",218.50500000000008
"['Warehouse', 'Four Square Pakuranga Heights', 'Four Square Cockle Bay', ""Pak 'n Save Botany"", 'Four Square Botany Junction', 'Warehouse']",264.1229166666667
"['Warehouse', 'Four Square Cockle Bay', ""Pak 'n Save Botany"", 'Warehouse']",240.8449999999999
"['Warehouse', 'Four Square Cockle Bay', ""Pak 'n Save Botany"", 'New World Botany', 'Warehouse']",252.28375
"['Warehouse', 'Four Square Botany Junction', 'New World Ormiston', 'Warehouse']",183.5041666666668
"['Warehouse', 'New World Remuera', 'Four Square Ellerslie', 'Warehouse']",130.16625000000002
"['Warehouse', 'New World Remuera', 'Four Square Ellerslie', ""Pak 'n Save Royal Oak"", 'Warehouse']",145.5454166666667
"['Warehouse', 'New World Eastridge', 'New World Remuera', 'Warehouse']",159.40375
"['Warehouse', 'New World Stonefields', ""Pak 'n Save Glen Innes"", 'Warehouse']",182.0283333333333
"['Warehouse', 'New World Stonefields', ""Pak 'n Save Glen Innes"", 'Four Square Ellerslie', 'Warehouse']",192.07375000000005
"['Warehouse', 'New World Howick', 'Four Square Cockle Bay', 'New World Botany', 'Warehouse']",254.30083333333351
"['Warehouse', 'New World Howick', 'Four Square Cockle Bay', 'New World Botany', 'Four Square Botany Junction', 'Warehouse']",265.69333333333344
"['Warehouse', 'New World Botany', 'Four Square Botany Junction', 'Warehouse']",199.7354166666667
"['Warehouse', 'New World Botany', 'Four Square Botany Junction', ""Pak 'n Save Ormiston"", 'Warehouse']",229.58583333333337
"['Warehouse', 'New World Ormiston', ""Pak 'n Save Botany"", 'Warehouse']",218.09041666666673
"['Warehouse', 'New World Ormiston', 'Four Square Botany Junction', ""Pak 'n Save Botany"", 'Warehouse']",232.86666666666676
"['Warehouse', ""Pak 'n Save Sylvia Park"", 'New World Stonefields', 'Warehouse']",174.39500000000015
"['Warehouse', ""Pak 'n Save Ormiston"", 'Four Square Botany Junction', 'Warehouse']",185.94625
"['Warehouse', 'Four Square Ellerslie', 'Four Square Alberton', 'Warehouse']",154.6575
"['Warehouse', 'Four Square Ellerslie', 'Four Square Alberton', 'New World Mt Roskill', 'Warehouse']",159.77625000000006
"['Warehouse', 'Four Square St Heliers', 'Four Square Ellerslie', 'Four Square Alberton', 'New World Mt Roskill', 'Warehouse']",243.79791666666654
"['Warehouse', 'Four Square Cockle Bay', 'Four Square St Heliers', 'Four Square Ellerslie', 'Four Square Alberton', 'New World Mt Roskill', 'Warehouse']",355.3458333333331
"['Warehouse', 'Four Square Ellerslie', 'Warehouse']",103.22416666666676
"['Warehouse', 'Four Square Ellerslie', 'New World Stonefields', 'New World Remuera', 'Warehouse']",164.91416666666677
"['Warehouse', 'Four Square St Heliers', 'Warehouse']",183.5275
"['Warehouse', 'Four Square St Heliers', 'New World Eastridge', 'Warehouse']",197.01000000000008
"['Warehouse', 'Four Square St Heliers', 'New World Eastridge', ""Pak 'n Save Royal Oak"", 'Warehouse']",210.12500000000009
"['Warehouse', 'Four Square Pakuranga Heights', 'Warehouse']",154.1833333333335
"['Warehouse', 'Four Square Pakuranga Heights', 'New World Botany', 'Warehouse']",204.44833333333347
"['Warehouse', 'Four Square Pakuranga Heights', 'New World Botany', 'New World Ormiston', 'Warehouse']",227.10833333333352
"['Warehouse', 'Four Square Cockle Bay', 'Warehouse']",229.52958333333328
"['Warehouse', 'Four Square Cockle Bay', 'New World Botany', 'Warehouse']",240.96833333333336
"['Warehouse', 'Four Square Cockle Bay', 'New World Botany', 'Four Square Pakuranga Heights', 'Warehouse']",251.34333333333333
"['Warehouse', 'Four Square Cockle Bay', 'New World Botany', 'Four Square Pakuranga Heights', 'Four Square Ellerslie', 'Warehouse']",277.2387499999998
"['Warehouse', 'Four Square Botany Junction', 'Warehouse']",158.02041666666673
"['Warehouse', 'New World Mt Roskill', 'Warehouse']",32.83958333333332
"['Warehouse', 'Four Square Alberton', 'New World Mt Roskill', 'Warehouse']",72.25
"['Warehouse', 'Four Square Alberton', 'New World Mt Roskill', ""Pak 'n Save Royal Oak"", 'Warehouse']",120.10791666666667
"['Warehouse', 'New World Remuera', 'Warehouse']",102.94624999999999
"['Warehouse', 'New World Remuera', 'New World Eastridge', 'Four Square Ellerslie', 'Warehouse']",183.10416666666677
"['Warehouse', 'New World Eastridge', 'Warehouse']",149.95625
"['Warehouse', 'New World Eastridge', ""Pak 'n Save Glen Innes"", 'Warehouse']",184.24458333333317
"['Warehouse', 'New World Eastridge', ""Pak 'n Save Glen Innes"", 'Four Square Ellerslie', 'Warehouse']",194.2899999999999
"['Warehouse', 'New World Stonefields', 'Warehouse']",146.1820833333335
"['Warehouse', 'New World Stonefields', 'New World Remuera', 'Warehouse']",151.79000000000008
"['Warehouse', 'New World Howick', 'Warehouse']",207.065
"['Warehouse', 'New World Howick', 'Four Square Cockle Bay', 'Four Square Botany Junction', 'Warehouse']",254.25458333333341
"['Warehouse', 'New World Howick', 'Four Square Cockle Bay', 'Four Square Botany Junction', 'New World Ormiston', 'Warehouse']",279.7383333333335
"['Warehouse', 'New World Botany', 'Warehouse']",188.34291666666678
"['Warehouse', 'New World Botany', 'New World Howick', 'Warehouse']",228.12249999999992
"['Warehouse', 'New World Botany', 'New World Howick', 'Four Square Botany Junction', 'Warehouse']",255.46708333333345
"['Warehouse', 'New World Ormiston', 'Warehouse']",170.1870833333335
"['Warehouse', 'New World Ormiston', 'New World Botany', 'Warehouse']",212.2479166666668
"['Warehouse', 'New World Ormiston', 'Four Square Botany Junction', 'New World Botany', 'Warehouse']",227.02416666666687
"['Warehouse', 'New World Ormiston', 'Four Square Botany Junction', 'New World Botany', 'Four Square Cockle Bay', 'Warehouse']",283.5275000000001
"['Warehouse', ""Pak 'n Save Royal Oak"", 'Warehouse']",60.860833333333254
"['Warehouse', ""Pak 'n Save Royal Oak"", 'New World Mt Roskill', 'Warehouse']",85.62124999999999
"['Warehouse', ""Pak 'n Save Sylvia Park"", 'Warehouse']",145.13416666666674
"['Warehouse', ""Pak 'n Save Sylvia Park"", 'Four Square Ellerslie', 'Warehouse']",143.2912500000001
"['Warehouse', ""Pak 'n Save Sylvia Park"", 'New World Stonefields', 'Four Square Ellerslie', 'Warehouse']",170.97333333333341
"['Warehouse', ""Pak 'n Save Botany"", 'Warehouse']",193.86499999999998
"['Warehouse', ""Pak 'n Save Botany"", 'New World Botany', 'Warehouse']",205.30375000000006
"['Warehouse', ""Pak 'n Save Botany"", 'New World Botany', 'Four Square Botany Junction', 'Warehouse']",216.69625
"['Warehouse', ""Pak 'n Save Ormiston"", 'Warehouse']",174.55375
"['Warehouse', ""Pak 'n Save Glen Innes"", 'Warehouse']",166.76583333333326
"['Warehouse', ""Pak 'n Save Wairau Road"", 'New World Milford', 'Warehouse']",190.64375000000015
"['Warehouse', ""Pak 'n Save Wairau Road"", 'New World Milford', 'Four Square Lancaster', 'Warehouse']",254.7158333333334
"['Warehouse', 'New World Albany', ""Pak 'n Save Albany"", 'Warehouse']",203.53666666666646
"['Warehouse', 'Four Square Torbay', 'New World Long Bay', 'Warehouse']",246.77583333333322
"['Warehouse', 'New World Victoria Park', 'New World Metro Queen St', 'Warehouse']",119.95124999999982
"['Warehouse', 'New World Victoria Park', 'New World Metro Queen St', 'Four Square Alberton', 'Warehouse']",148.33791666666656
"['Warehouse', 'New World Devonport', 'New World Metro Shore City', 'Warehouse']",224.535
"['Warehouse', 'New World Devonport', 'New World Metro Shore City', 'Four Square Alberton', 'Warehouse']",252.92208333333326
"['Warehouse', 'New World Metro Shore City', 'New World Milford', 'Four Square Lancaster', 'Warehouse']",247.34333333333325
"['Warehouse', 'New World Metro Shore City', 'New World Milford', 'Four Square Lancaster', 'Four Square Torbay', 'Warehouse']",352.38541666666646
"['Warehouse', 'Four Square Lancaster', 'New World Birkenhead', 'New World Victoria Park', 'Warehouse']",217.82375
"['Warehouse', 'Four Square Torbay', 'Four Square Lancaster', 'New World Birkenhead', 'New World Victoria Park', 'Warehouse']",328.03
"['Warehouse', ""Pak 'n Save Wairau Road"", 'New World Metro Shore City', 'Warehouse']",188.65083333333334
"['Warehouse', 'New World Albany', 'New World Browns Bay', 'Warehouse']",239.90791666666652
"['Warehouse', ""Pak 'n Save Albany"", 'New World Albany', 'Four Square Torbay', 'Warehouse']",269.50791666666674
"['Warehouse', 'Four Square Torbay', 'New World Browns Bay', 'Warehouse']",251.07416666666666
"['Warehouse', 'Four Square Torbay', 'New World Browns Bay', 'New World Albany', 'Warehouse']",273.25208333333313
"['Warehouse', 'Four Square Torbay', 'New World Browns Bay', 'New World Albany', 'Four Square Lancaster', 'Warehouse']",332.77249999999987
"['Warehouse', ""Pak 'n Save Mt Albert"", 'Warehouse']",48.880416666666676
"['Warehouse', 'Four Square Alberton', ""Pak 'n Save Mt Albert"", 'Warehouse']",76.66708333333334
"['Warehouse', 'Four Square Alberton', 'Warehouse']",67.13124999999992
"['Warehouse', 'New World Victoria Park', 'Warehouse']",97.58874999999999
"['Warehouse', 'New World Victoria Park', 'Four Square Alberton', 'Warehouse']",125.97583333333326
"['Warehouse', 'New World Victoria Park', 'Four Square Alberton', ""Pak 'n Save Mt Albert"", 'Warehouse']",135.51166666666666
"['Warehouse', 'New World Metro Queen St', 'Warehouse']",100.5891666666665
"['Warehouse', ""Pak 'n Save Mt Albert"", 'New World Metro Queen St', 'Warehouse']",128.18458333333325
"['Warehouse', ""Pak 'n Save Mt Albert"", 'Four Square Alberton', 'New World Metro Queen St', 'Warehouse']",143.57208333333318
"['Warehouse', 'New World Devonport', 'Warehouse']",206.28041666666675
"['Warehouse', 'New World Devonport', ""Pak 'n Save Wairau Road"", 'Warehouse']",252.93625000000003
"['Warehouse', 'New World Devonport', ""Pak 'n Save Wairau Road"", 'Four Square Lancaster', 'Warehouse']",305.89583333333354
"['Warehouse', 'New World Birkenhead', 'Warehouse']",156.63499999999996
"['Warehouse', 'New World Birkenhead', 'Four Square Lancaster', 'Warehouse']",196.73499999999999
"['Warehouse', 'New World Birkenhead', 'Four Square Lancaster', ""Pak 'n Save Wairau Road"", 'Warehouse']",224.6716666666665
"['Warehouse', 'New World Metro Shore City', 'Warehouse']",150.7866666666665
"['Warehouse', 'New World Metro Shore City', ""Pak 'n Save Wairau Road"", 'Four Square Lancaster', 'Warehouse']",243.6045833333334
"['Warehouse', 'Four Square Lancaster', 'Warehouse']",181.72874999999996
"['Warehouse', ""Pak 'n Save Wairau Road"", 'Warehouse']",162.37666666666675
"['Warehouse', ""Pak 'n Save Wairau Road"", 'New World Victoria Park', 'Warehouse']",183.42666666666673
"['Warehouse', ""Pak 'n Save Wairau Road"", 'Four Square Lancaster', 'New World Victoria Park', 'Warehouse']",236.38625000000027
"['Warehouse', 'New World Milford', 'Warehouse']",164.16291666666672
"['Warehouse', 'New World Milford', 'New World Metro Shore City', 'Warehouse']",180.9487499999999
"['Warehouse', 'New World Milford', 'New World Metro Shore City', 'Four Square Alberton', 'Warehouse']",209.33583333333317
"['Warehouse', 'New World Albany', 'Warehouse']",190.5816666666665
"['Warehouse', 'New World Albany', 'New World Long Bay', 'Four Square Torbay', 'Warehouse']",270.73333333333323
"['Warehouse', 'New World Albany', 'New World Long Bay', 'Four Square Torbay', 'Four Square Lancaster', 'Warehouse']",330.2533333333333
"['Warehouse', ""Pak 'n Save Albany"", 'Warehouse']",186.6375
"['Warehouse', ""Pak 'n Save Albany"", ""Pak 'n Save Wairau Road"", 'Warehouse']",217.46583333333353
"['Warehouse', 'New World Browns Bay', 'Warehouse']",218.66083333333324
"['Warehouse', 'New World Browns Bay', 'New World Milford', 'Warehouse']",244.43916666666672
"['Warehouse', 'New World Browns Bay', 'Four Square Torbay', 'New World Milford', 'Warehouse']",294.8449999999999
"['Warehouse', 'New World Browns Bay', 'Four Square Torbay', 'New World Milford', 'Four Square Lancaster', 'Warehouse']",358.9170833333331
"['Warehouse', 'Four Square Torbay', 'Warehouse']",232.415
"['Warehouse', 'Four Square Torbay', 'New World Albany', 'Warehouse']",256.1341666666665
"['Warehouse', 'New World Long Bay', 'Warehouse']",224.95125000000002
"['Warehouse', 'New World Long Bay', 'Four Square Torbay', 'New World Browns Bay', 'Warehouse']",265.61583333333346
"['Warehouse', 'New World Long Bay', 'Four Square Torbay', 'New World Browns Bay', 'Four Square Lancaster', 'Warehouse']",325.1362500000002
